section,section_ml,item,sub,sizes,price,note
From the Sea,കടൽ വിഭവങ്ങൾ,Mangalapuram King Fish Fry,അയക്കൂറ,,,Priced by the day's catch — please ask
From the Sea,കടൽ വിഭവങ്ങൾ,Mangalapuram Pomfret Fry,ആവോലി,,,Priced by the day's catch — please ask
From the Sea,കടൽ വിഭവങ്ങൾ,Mangalapuram Mackerel Fry,അയല,,,Priced by the day's catch — please ask
From the Sea,കടൽ വിഭവങ്ങൾ,Mangalapuram Sea Bass Fry,കാളാഞ്ചി,,,Priced by the day's catch — please ask
From the Sea,കടൽ വിഭവങ്ങൾ,Mangalapuram Sole Fish Fry,മാന്തൾ,,,Priced by the day's catch — please ask
From the Sea,കടൽ വിഭവങ്ങൾ,Mangalapuram Prawns Fry,ചെമ്മീൻ,,,Priced by the day's catch — please ask
From the Sea,കടൽ വിഭവങ്ങൾ,Mangalapuram Squid Fry,കൂന്തൽ,,,Priced by the day's catch — please ask
Mangalapuram Special,മംഗലാപുരം സ്പെഷ്യൽ,Chicken Ghee Roast,,,250,
Mangalapuram Special,മംഗലാപുരം സ്പെഷ്യൽ,Prawn Ghee Roast,,,,Seasonal
Mangalapuram Special,മംഗലാപുരം സ്പെഷ്യൽ,Squid Ghee Roast,,,,Seasonal
Meals,ഊണ്,Meals,Served for one,,100,
Mandi Rice,മന്ദി റൈസ്,Mandi Rice,,Qtr=100|Half=200|Full=400,,
Salads,സാലഡ്,Hayat Special Salad,,,250,
Salads,സാലഡ്,Fruit & Veg Salad,,,200,
Salads,സാലഡ്,Pineapple Honey Mint Salad,,,150,
Salads,സാലഡ്,Garden Salad,,,80,
Mandi,മന്ദി,King Fish Mandi,അയക്കൂറ,,,Whole seer · market price
Mandi,മന്ദി,Chicken Mandi,,Qtr=160|Half=320|Full=600,,
Mandi,മന്ദി,Mandi Chicken Only,,Qtr=100|Half=200|Full=400,,
Mandi,മന്ദി,Beef Alfaham Mandi,,Qtr=250|Half=500|Full=1000,,
Mandi,മന്ദി,Creamy Alfaham Mandi,With alfaham,Qtr=210|Half=420|Full=840,,
Mandi,മന്ദി,Afghani Alfaham Mandi,With alfaham,Qtr=200|Half=400|Full=780,,
Mandi,മന്ദി,Dynamic Alfaham Mandi,With alfaham,Qtr=200|Half=400|Full=780,,
Mandi,മന്ദി,Honey Chilli Alfaham Mandi,With alfaham,Qtr=190|Half=380|Full=720,,
Mandi,മന്ദി,Kondattam Alfaham Mandi,With alfaham,Qtr=190|Half=380|Full=720,,
Mandi,മന്ദി,Kanthari Alfaham Mandi,With alfaham,Qtr=190|Half=380|Full=720,,
Mandi,മന്ദി,Pepper Alfaham Mandi,With alfaham,Qtr=190|Half=380|Full=720,,
Mandi,മന്ദി,Peri Peri Alfaham Mandi,With alfaham,Qtr=190|Half=380|Full=720,,
Mandi,മന്ദി,Honey Mandi,With alfaham,Qtr=190|Half=380|Full=720,,
Mandi,മന്ദി,Alfaham Mandi,With alfaham,Qtr=180|Half=360|Full=660,,
Mandi,മന്ദി,Creamy Shawaya Mandi,With shawaya,Qtr=220|Half=440|Full=850,,
Mandi,മന്ദി,Dynamic Shawaya Mandi,With shawaya,Qtr=210|Half=420|Full=830,,
Mandi,മന്ദി,Masala Shawaya Mandi,With shawaya,Qtr=210|Half=420|Full=830,,
Mandi,മന്ദി,Shawaya Mandi,With shawaya,Qtr=190|Half=380|Full=720,,
Alfaham,അൽഫഹം,Creamy Alfaham,,Qtr=150|Half=300|Full=600,,
Alfaham,അൽഫഹം,Afghani Alfaham,,Qtr=150|Half=300|Full=600,,
Alfaham,അൽഫഹം,Dynamic Alfaham,,Qtr=140|Half=280|Full=560,,
Alfaham,അൽഫഹം,Masala Alfaham,,Qtr=140|Half=280|Full=560,,
Alfaham,അൽഫഹം,Kondattam Alfaham,,Qtr=140|Half=280|Full=550,,
Alfaham,അൽഫഹം,Honey Alfaham,,Qtr=130|Half=260|Full=500,,
Alfaham,അൽഫഹം,Honey Chilli Alfaham,,Qtr=130|Half=260|Full=500,,
Alfaham,അൽഫഹം,Kanthari Alfaham,,Qtr=130|Half=260|Full=500,,
Alfaham,അൽഫഹം,Pepper Alfaham,,Qtr=130|Half=260|Full=500,,
Alfaham,അൽഫഹം,Peri Peri Alfaham,,Qtr=130|Half=260|Full=500,,
Alfaham,അൽഫഹം,Alfaham Only,,Qtr=120|Half=240|Full=460,,
Starters,സ്റ്റാർട്ടേഴ്സ്,Ginger Chicken,,Qtr=200|Half=390,,
Starters,സ്റ്റാർട്ടേഴ്സ്,Pepper Chicken Dry,,Qtr=200|Half=390,,
Starters,സ്റ്റാർട്ടേഴ്സ്,Chicken Kondattam,,Qtr=200|Half=390,,
Starters,സ്റ്റാർട്ടേഴ്സ്,Chicken Lollipop,,Qtr=200|Half=390,,
Starters,സ്റ്റാർട്ടേഴ്സ്,Dragon Chicken,,Qtr=200|Half=390,,
Starters,സ്റ്റാർട്ടേഴ്സ്,Garlic Chicken,,Qtr=190|Half=370,,
Starters,സ്റ്റാർട്ടേഴ്സ്,Chicken 65,,Qtr=180|Half=350,,
Starters,സ്റ്റാർട്ടേഴ്സ്,Chicken Wings,,Qtr=180|Half=350,,
Beef,ബീഫ്,Beef Ghee Roast,,Qtr=240|Half=470,,
Beef,ബീഫ്,Beef Kadai,,Qtr=240|Half=470,,
Beef,ബീഫ്,Beef Pepper Masala,,Qtr=240|Half=470,,
Beef,ബീഫ്,Beef Dry Fry,,Qtr=240|Half=460,,
Beef,ബീഫ്,Beef Roast,,Qtr=230|Half=450,,
Beef,ബീഫ്,Beef Fry,,Qtr=230|Half=450,,
Beef,ബീഫ്,Beef Chilli,,Qtr=230|Half=450,,
Chilli & Manchurian,ചില്ലി & മഞ്ചൂരിയൻ,Honey Chilli Chicken,,Dry Qtr=190|Dry Half=370|Gravy Qtr=210|Gravy Half=410,,
Chilli & Manchurian,ചില്ലി & മഞ്ചൂരിയൻ,Schezwan Chicken,,Dry Qtr=190|Dry Half=370|Gravy Qtr=210|Gravy Half=410,,
Chilli & Manchurian,ചില്ലി & മഞ്ചൂരിയൻ,Chicken Chilli,,Dry Qtr=180|Dry Half=350|Gravy Qtr=200|Gravy Half=390,,
Chilli & Manchurian,ചില്ലി & മഞ്ചൂരിയൻ,Chicken Manchurian,,Dry Qtr=180|Dry Half=350|Gravy Qtr=200|Gravy Half=390,,
Chilli & Manchurian,ചില്ലി & മഞ്ചൂരിയൻ,Paneer Chilli,,Dry Qtr=190|Dry Half=370|Gravy Qtr=210|Gravy Half=410,,
Chilli & Manchurian,ചില്ലി & മഞ്ചൂരിയൻ,Paneer Manchurian,,Dry Qtr=190|Dry Half=370|Gravy Qtr=210|Gravy Half=410,,
Chilli & Manchurian,ചില്ലി & മഞ്ചൂരിയൻ,Mushroom Chilli,,Dry Qtr=190|Dry Half=370|Gravy Qtr=210|Gravy Half=410,,
Chilli & Manchurian,ചില്ലി & മഞ്ചൂരിയൻ,Mushroom Manchurian,,Dry Qtr=190|Dry Half=370|Gravy Qtr=210|Gravy Half=410,,
Chilli & Manchurian,ചില്ലി & മഞ്ചൂരിയൻ,Gobi Chilli,,Dry Qtr=160|Dry Half=310|Gravy Qtr=180|Gravy Half=350,,
Chilli & Manchurian,ചില്ലി & മഞ്ചൂരിയൻ,Gobi Manchurian,,Dry Qtr=160|Dry Half=310|Gravy Qtr=180|Gravy Half=350,,
Soup,സൂപ്പ്,Sweet Corn Soup,,Veg=170|Chicken=190,,
Soup,സൂപ്പ്,Manchow Soup,,Veg=160|Chicken=180,,
Soup,സൂപ്പ്,Hot & Sour Soup,,Veg=160|Chicken=180,,
Soup,സൂപ്പ്,Clear Soup,,Veg=100|Chicken=120,,
Curries,കറികൾ,Butter Chicken,,Qtr=230|Half=450,,
Curries,കറികൾ,Chicken Tikka Masala,,Qtr=230|Half=450,,
Curries,കറികൾ,Chicken Hyderabadi,,Qtr=230|Half=450,,
Curries,കറികൾ,Chicken Angara Masala,,Qtr=230|Half=450,,
Curries,കറികൾ,Kadai Chicken,,Qtr=220|Half=430,,
Curries,കറികൾ,Pepper Chicken Masala,,Qtr=220|Half=430,,
Curries,കറികൾ,Paneer Butter Masala,,Qtr=210|Half=410,,
Curries,കറികൾ,Mushroom Butter Masala,,Qtr=210|Half=410,,
Curries,കറികൾ,Paneer Kadai,,Qtr=210|Half=410,,
Curries,കറികൾ,Veg Mix Curry,,Qtr=190|Half=370,,
Curries,കറികൾ,Veg Korma,,Qtr=180|Half=350,,
Curries,കറികൾ,Veg Kadai,,Qtr=180|Half=350,,
Shawaya,ഷവായ,Creamy Shawaya,,Qtr=150|Half=300|Full=600,,
Shawaya,ഷവായ,Dynamic Shawaya,,Qtr=140|Half=280|Full=560,,
Shawaya,ഷവായ,Masala Shawaya,,Qtr=140|Half=280|Full=560,,
Shawaya,ഷവായ,Shawaya Only,,Qtr=130|Half=260|Full=500,,
Broast,ബ്രോസ്റ്റ്,Broast,,4 pcs=150|8 pcs=300|12 pcs=450,,
Broast,ബ്രോസ്റ്റ്,Chicken Pop,,12 pcs=180,,
Broast,ബ്രോസ്റ്റ്,Chicken Strips,,12 pcs=250,,
Breads,പൊറോട്ടയും റൊട്ടിയും,Parotta,,,15,
Breads,പൊറോട്ടയും റൊട്ടിയും,Wheat Parotta,,,20,
Breads,പൊറോട്ടയും റൊട്ടിയും,Chapati,,,15,
Breads,പൊറോട്ടയും റൊട്ടിയും,Rumali Roti,,,20,
Breads,പൊറോട്ടയും റൊട്ടിയും,Kuboos,,,10,
Fried Rice & Noodles,ഫ്രൈഡ് റൈസ് / നൂഡിൽസ്,Mixed,,Fried Rice=230|Noodles=230,,
Fried Rice & Noodles,ഫ്രൈഡ് റൈസ് / നൂഡിൽസ്,Chicken Schezwan,,Fried Rice=190|Noodles=190,,
Fried Rice & Noodles,ഫ്രൈഡ് റൈസ് / നൂഡിൽസ്,Chicken,,Fried Rice=180|Noodles=180,,
Fried Rice & Noodles,ഫ്രൈഡ് റൈസ് / നൂഡിൽസ്,Egg Schezwan,,Fried Rice=180|Noodles=180,,
Fried Rice & Noodles,ഫ്രൈഡ് റൈസ് / നൂഡിൽസ്,Egg,,Fried Rice=170|Noodles=170,,
Fried Rice & Noodles,ഫ്രൈഡ് റൈസ് / നൂഡിൽസ്,Veg Schezwan,,Fried Rice=170|Noodles=170,,
Fried Rice & Noodles,ഫ്രൈഡ് റൈസ് / നൂഡിൽസ്,Veg,,Fried Rice=160|Noodles=160,,
Shawarma,ഷവർമ,Shawarma Full Meat,,,140,
Shawarma,ഷവർമ,Shawarma Plate,,,120,
Shawarma,ഷവർമ,Shawarma Roll,,,100,
Mojito,മൊഹീറ്റോ,Pineapple Chilli,,,100,
Mojito,മൊഹീറ്റോ,Green Apple,,,120,
Mojito,മൊഹീറ്റോ,Blueberry,,,120,
Mojito,മൊഹീറ്റോ,Passionfruit,,,120,
Mojito,മൊഹീറ്റോ,Kiwi,,,120,
Mojito,മൊഹീറ്റോ,Lemon Mint,,,110,
Mojito,മൊഹീറ്റോ,Mint,,,100,
Mojito,മൊഹീറ്റോ,Watermelon,,,100,
Mojito,മൊഹീറ്റോ,Blue Lagoon,,,100,
Fresh Juice,ഫ്രഷ് ജ്യൂസ്,Dragon Fruit Juice,,,110,
Fresh Juice,ഫ്രഷ് ജ്യൂസ്,Apple Juice,,,90,
Fresh Juice,ഫ്രഷ് ജ്യൂസ്,Pomegranate Juice,,,90,
Fresh Juice,ഫ്രഷ് ജ്യൂസ്,Chikku Juice,,,90,
Fresh Juice,ഫ്രഷ് ജ്യൂസ്,Mango Juice,,,80,
Fresh Juice,ഫ്രഷ് ജ്യൂസ്,Grape Juice,,,80,
Fresh Juice,ഫ്രഷ് ജ്യൂസ്,Pineapple Juice,,,75,
Fresh Juice,ഫ്രഷ് ജ്യൂസ്,Orange Juice,,,70,
Fresh Juice,ഫ്രഷ് ജ്യൂസ്,Watermelon Juice,,,60,
Fresh Juice,ഫ്രഷ് ജ്യൂസ്,Carrot Juice,,,60,
Fresh Juice,ഫ്രഷ് ജ്യൂസ്,Musambi Juice,,,60,
Fresh Juice,ഫ്രഷ് ജ്യൂസ്,Mint Lime Soda,,,45,
Fresh Juice,ഫ്രഷ് ജ്യൂസ്,Pineapple Mint,,,45,
Fresh Juice,ഫ്രഷ് ജ്യൂസ്,Pineapple Lime,,,45,
Fresh Juice,ഫ്രഷ് ജ്യൂസ്,Grape Lime,,,45,
Fresh Juice,ഫ്രഷ് ജ്യൂസ്,Pineapple Chilli Lime,,,45,
Fresh Juice,ഫ്രഷ് ജ്യൂസ്,Dragon Fruit Lime,,,45,
Fresh Juice,ഫ്രഷ് ജ്യൂസ്,Fresh Lime Soda,,,40,
Fresh Juice,ഫ്രഷ് ജ്യൂസ്,Watermelon Mint,,,40,
Fresh Juice,ഫ്രഷ് ജ്യൂസ്,Mint Lime Water,,,35,
Fresh Juice,ഫ്രഷ് ജ്യൂസ്,Fresh Lime Water,,,30,
Shake,ഷേക്ക്,Butterscotch,,,120,
Shake,ഷേക്ക്,Chikku,,,120,
Shake,ഷേക്ക്,Black Currant,,,110,
Shake,ഷേക്ക്,Strawberry,,,110,
Shake,ഷേക്ക്,Chocolate,,,100,
Shake,ഷേക്ക്,Mango,,,100,
Shake,ഷേക്ക്,Vanilla,,,100,
Shake,ഷേക്ക്,Avil Milk Special,,,80,
Desserts,ഡെസേർട്ട്സ്,Gadbad Ice Cream,,,220,Mangalapuram special
Desserts,ഡെസേർട്ട്സ്,Fruit Falooda,,,210,
Desserts,ഡെസേർട്ട്സ്,Royal Falooda,,,170,
Desserts,ഡെസേർട്ട്സ്,Rose Falooda,,,170,
Desserts,ഡെസേർട്ട്സ്,Fruit Salad with Ice Cream,,,120,
Hot & Cold,ചൂടു പാനീയങ്ങൾ,Horlicks,,,30,
Hot & Cold,ചൂടു പാനീയങ്ങൾ,Boost,,,30,
Hot & Cold,ചൂടു പാനീയങ്ങൾ,Green Tea,,,20,
Hot & Cold,ചൂടു പാനീയങ്ങൾ,Coffee,,,20,
Hot & Cold,ചൂടു പാനീയങ്ങൾ,Black Coffee,,,20,
Hot & Cold,ചൂടു പാനീയങ്ങൾ,Tea,,,15,
Hot & Cold,ചൂടു പാനീയങ്ങൾ,Mint Tea,,,15,
Hot & Cold,ചൂടു പാനീയങ്ങൾ,Lemon Tea,,,15,
